old_path	new_path	old_basename	new_basename	link_safe_basename
SCC_CANONICAL/00_manifest.md	THEORY/2_substrate/canonical/structural/sct_manifest.md	00_manifest	sct_manifest	yes
SCC_CANONICAL/01_ontology.md	THEORY/2_substrate/canonical/structural/sct_ontology.md	01_ontology	sct_ontology	yes
SCC_CANONICAL/02_axioms_and_primitives.md	THEORY/2_substrate/canonical/structural/sct_axioms_and_primitives.md	02_axioms_and_primitives	sct_axioms_and_primitives	yes
SCC_CANONICAL/03_energy_and_diagnostics.md	THEORY/2_substrate/canonical/structural/sct_energy_and_diagnostics.md	03_energy_and_diagnostics	sct_energy_and_diagnostics	yes
SCC_CANONICAL/04_theorem_registry.md	THEORY/2_substrate/canonical/structural/sct_theorem_registry.md	04_theorem_registry	sct_theorem_registry	yes
SCC_CANONICAL/05_open_problems.md	THEORY/2_substrate/canonical/structural/sct_open_problems.md	05_open_problems	sct_open_problems	yes
SCC_CANONICAL/06_forbidden_claims.md	THEORY/2_substrate/canonical/structural/sct_forbidden_claims.md	06_forbidden_claims	sct_forbidden_claims	yes
SCC_CANONICAL/07_changelog.md	THEORY/2_substrate/canonical/structural/sct_changelog.md	07_changelog	sct_changelog	yes
SCC_CANONICAL/MOC_SCC_CT_v0.1.md	THEORY/2_substrate/canonical/structural/MOC_SCC_CT_v0.1.md	MOC_SCC_CT_v0.1	MOC_SCC_CT_v0.1	yes
THEORY/canonical/CV-1.13_SEAL.md	THEORY/2_substrate/canonical/seals/CV-1.13_SEAL.md	CV-1.13_SEAL	CV-1.13_SEAL	yes
THEORY/canonical/CV-1.15_SEAL.md	THEORY/2_substrate/canonical/seals/CV-1.15_SEAL.md	CV-1.15_SEAL	CV-1.15_SEAL	yes
THEORY/canonical/CV-1.16_SEAL.md	THEORY/2_substrate/canonical/seals/CV-1.16_SEAL.md	CV-1.16_SEAL	CV-1.16_SEAL	yes
THEORY/canonical/CV-1.17_SEAL.md	THEORY/2_substrate/canonical/seals/CV-1.17_SEAL.md	CV-1.17_SEAL	CV-1.17_SEAL	yes
THEORY/canonical/CV-1.18_SEAL.md	THEORY/2_substrate/canonical/seals/CV-1.18_SEAL.md	CV-1.18_SEAL	CV-1.18_SEAL	yes
THEORY/canonical/CV-1.19_SEAL.md	THEORY/2_substrate/canonical/seals/CV-1.19_SEAL.md	CV-1.19_SEAL	CV-1.19_SEAL	yes
THEORY/canonical/CV-1.20_SEAL.md	THEORY/2_substrate/canonical/seals/CV-1.20_SEAL.md	CV-1.20_SEAL	CV-1.20_SEAL	yes
THEORY/canonical/DECLARATION.md	THEORY/0_axis/DECLARATION.md	DECLARATION	DECLARATION	yes
THEORY/canonical/MOC_canonical_authority.md	THEORY/2_substrate/canonical/MOC_canonical_authority.md	MOC_canonical_authority	MOC_canonical_authority	yes
THEORY/canonical/MOC_hypothesis_tree.md	THEORY/2_substrate/canonical/MOC_hypothesis_tree.md	MOC_hypothesis_tree	MOC_hypothesis_tree	yes
THEORY/canonical/PAI_ROADMAP.md	THEORY/0_axis/PAI_ROADMAP.md	PAI_ROADMAP	PAI_ROADMAP	yes
THEORY/canonical/README.md	THEORY/2_substrate/canonical/canonical_readme.md	README	canonical_readme	yes
THEORY/canonical/auxiliary_structures_master.md	THEORY/2_substrate/canonical/auxiliary_structures_master.md	auxiliary_structures_master	auxiliary_structures_master	yes
THEORY/canonical/canonical.md	THEORY/2_substrate/canonical/canonical.md	canonical	canonical	yes
THEORY/canonical/figures/README.md	THEORY/2_substrate/canonical/figures/figures_readme.md	README	figures_readme	yes
THEORY/canonical/figures/sources/python/_style.py	THEORY/2_substrate/canonical/figures/sources/python/_style.py	_style	_style	yes
THEORY/canonical/figures/sources/python/fig01_soft_cohesion_field.py	THEORY/2_substrate/canonical/figures/sources/python/fig01_soft_cohesion_field.py	fig01_soft_cohesion_field	fig01_soft_cohesion_field	yes
THEORY/canonical/figures/sources/python/fig03_closure_iteration.py	THEORY/2_substrate/canonical/figures/sources/python/fig03_closure_iteration.py	fig03_closure_iteration	fig03_closure_iteration	yes
THEORY/canonical/figures/sources/python/fig04_phase_transition.py	THEORY/2_substrate/canonical/figures/sources/python/fig04_phase_transition.py	fig04_phase_transition	fig04_phase_transition	yes
THEORY/canonical/figures/sources/python/fig06_hessian_spectrum.py	THEORY/2_substrate/canonical/figures/sources/python/fig06_hessian_spectrum.py	fig06_hessian_spectrum	fig06_hessian_spectrum	yes
THEORY/canonical/figures/sources/python/fig08_gradient_flow.py	THEORY/2_substrate/canonical/figures/sources/python/fig08_gradient_flow.py	fig08_gradient_flow	fig08_gradient_flow	yes
THEORY/canonical/figures/sources/python/fig11_goldstone_bloch.py	THEORY/2_substrate/canonical/figures/sources/python/fig11_goldstone_bloch.py	fig11_goldstone_bloch	fig11_goldstone_bloch	yes
THEORY/canonical/figures/sources/python/fig13_hero_dependency_dag.py	THEORY/2_substrate/canonical/figures/sources/python/fig13_hero_dependency_dag.py	fig13_hero_dependency_dag	fig13_hero_dependency_dag	yes
THEORY/canonical/figures/sources/python/fig28_pf_a1_package_i.py	THEORY/2_substrate/canonical/figures/sources/python/fig28_pf_a1_package_i.py	fig28_pf_a1_package_i	fig28_pf_a1_package_i	yes
THEORY/canonical/figures/sources/python/fig29_t_op6b_boundary_precision.py	THEORY/2_substrate/canonical/figures/sources/python/fig29_t_op6b_boundary_precision.py	fig29_t_op6b_boundary_precision	fig29_t_op6b_boundary_precision	yes
THEORY/canonical/figures/sources/python/fig32_w6_canonical_timeline.py	THEORY/2_substrate/canonical/figures/sources/python/fig32_w6_canonical_timeline.py	fig32_w6_canonical_timeline	fig32_w6_canonical_timeline	yes
THEORY/canonical/hypothesis_tree.md	THEORY/2_substrate/canonical/hypothesis_tree.md	hypothesis_tree	hypothesis_tree	yes
THEORY/canonical/perception_action_interpretation_pivot_2026_05_21.md	THEORY/0_axis/perception_action_interpretation_pivot_2026_05_21.md	perception_action_interpretation_pivot_2026_05_21	perception_action_interpretation_pivot_2026_05_21	yes
THEORY/canonical/theorem_status.md	THEORY/2_substrate/canonical/theorem_status.md	theorem_status	theorem_status	yes
THEORY/working/AFD_0/MOC_AFD_0_foundation.md	THEORY/2_substrate/foundations/AFD/MOC_AFD_0_foundation.md	MOC_AFD_0_foundation	MOC_AFD_0_foundation	yes
THEORY/working/AFD_0/README.md	THEORY/2_substrate/foundations/AFD/AFD_README.md	README	AFD_README	yes
THEORY/working/AFD_0/abstract_formation_dynamics.md	THEORY/2_substrate/foundations/AFD/abstract_formation_dynamics.md	abstract_formation_dynamics	abstract_formation_dynamics	yes
THEORY/working/AFD_0/afd_audit.md	THEORY/2_substrate/foundations/AFD/afd_audit.md	afd_audit	afd_audit	yes
THEORY/working/AFD_0/afd_examples.md	THEORY/2_substrate/foundations/AFD/afd_examples.md	afd_examples	afd_examples	yes
THEORY/working/AFD_0/afd_framework_comparison.md	THEORY/2_substrate/foundations/AFD/afd_framework_comparison.md	afd_framework_comparison	afd_framework_comparison	yes
THEORY/working/AFD_0/afd_hmorse_reclassification.md	THEORY/2_substrate/foundations/AFD/afd_hmorse_reclassification.md	afd_hmorse_reclassification	afd_hmorse_reclassification	yes
THEORY/working/AFD_0/afd_layer_diagram.md	THEORY/2_substrate/foundations/AFD/afd_layer_diagram.md	afd_layer_diagram	afd_layer_diagram	yes
THEORY/working/AFD_0/afd_log.md	THEORY/2_substrate/foundations/AFD/afd_log.md	afd_log	afd_log	yes
THEORY/working/AFD_0/afd_open_problems.md	THEORY/2_substrate/foundations/AFD/afd_open_problems.md	afd_open_problems	afd_open_problems	yes
THEORY/working/AFD_0/afd_summary_for_next_agent.md	THEORY/2_substrate/foundations/AFD/afd_summary_for_next_agent.md	afd_summary_for_next_agent	afd_summary_for_next_agent	yes
THEORY/working/AFD_0/afd_theorem_registry.md	THEORY/2_substrate/foundations/AFD/afd_theorem_registry.md	afd_theorem_registry	afd_theorem_registry	yes
THEORY/working/AFD_0/op_afd_004_proof.md	THEORY/2_substrate/foundations/AFD/op_afd_004_proof.md	op_afd_004_proof	op_afd_004_proof	yes
THEORY/working/C/F_group_axioms.md	THEORY/2_substrate/Q1_boundary/F_group_axioms.md	F_group_axioms	F_group_axioms	yes
THEORY/working/CE/free_energy_wellposed.md	THEORY/2_substrate/Q1_boundary/free_energy_wellposed.md	free_energy_wellposed	free_energy_wellposed	yes
THEORY/working/CV114_H_MORSE_PACKAGEII/00_index.md	THEORY/2_substrate/Q3_dynamics/h_morse_packageII/h_morse_packageII_00_index.md	00_index	h_morse_packageII_00_index	yes
THEORY/working/CV114_H_MORSE_PACKAGEII/01_canonical_audit.md	THEORY/2_substrate/Q3_dynamics/h_morse_packageII/01_canonical_audit.md	01_canonical_audit	01_canonical_audit	yes
THEORY/working/CV114_H_MORSE_PACKAGEII/02_H_MORSE_statement_reconstruction.md	THEORY/2_substrate/Q3_dynamics/h_morse_packageII/02_H_MORSE_statement_reconstruction.md	02_H_MORSE_statement_reconstruction	02_H_MORSE_statement_reconstruction	yes
THEORY/working/CV114_H_MORSE_PACKAGEII/03_energy_landscape_and_hessian.md	THEORY/2_substrate/Q3_dynamics/h_morse_packageII/03_energy_landscape_and_hessian.md	03_energy_landscape_and_hessian	03_energy_landscape_and_hessian	yes
THEORY/working/CV114_H_MORSE_PACKAGEII/04_degeneracy_catalogue.md	THEORY/2_substrate/Q3_dynamics/h_morse_packageII/04_degeneracy_catalogue.md	04_degeneracy_catalogue	04_degeneracy_catalogue	yes
THEORY/working/CV114_H_MORSE_PACKAGEII/05_counterexample_search.md	THEORY/2_substrate/Q3_dynamics/h_morse_packageII/05_counterexample_search.md	05_counterexample_search	05_counterexample_search	yes
THEORY/working/CV114_H_MORSE_PACKAGEII/06_packageII_dependency_map.md	THEORY/2_substrate/Q3_dynamics/h_morse_packageII/06_packageII_dependency_map.md	06_packageII_dependency_map	06_packageII_dependency_map	yes
THEORY/working/CV114_H_MORSE_PACKAGEII/07_Eyring_Kramers_requirements.md	THEORY/2_substrate/Q3_dynamics/h_morse_packageII/07_Eyring_Kramers_requirements.md	07_Eyring_Kramers_requirements	07_Eyring_Kramers_requirements	yes
THEORY/working/CV114_H_MORSE_PACKAGEII/08_candidate_lemma_chain.md	THEORY/2_substrate/Q3_dynamics/h_morse_packageII/08_candidate_lemma_chain.md	08_candidate_lemma_chain	08_candidate_lemma_chain	yes
THEORY/working/CV114_H_MORSE_PACKAGEII/09_CV114_recommendation.md	THEORY/2_substrate/Q3_dynamics/h_morse_packageII/09_CV114_recommendation.md	09_CV114_recommendation	09_CV114_recommendation	yes
THEORY/working/CV114_H_MORSE_PACKAGEII/10_agent_handoff_prompt.md	THEORY/2_substrate/Q3_dynamics/h_morse_packageII/10_agent_handoff_prompt.md	10_agent_handoff_prompt	10_agent_handoff_prompt	yes
THEORY/working/CV114_H_MORSE_PACKAGEII/11_broadness_attack.md	THEORY/2_substrate/Q3_dynamics/h_morse_packageII/11_broadness_attack.md	11_broadness_attack	11_broadness_attack	yes
THEORY/working/CV114_H_MORSE_PACKAGEII/MOC_H_MORSE_packageII.md	THEORY/2_substrate/Q3_dynamics/h_morse_packageII/MOC_H_MORSE_packageII.md	MOC_H_MORSE_packageII	MOC_H_MORSE_packageII	yes
THEORY/working/CV114_TEMPORAL_COMPOSITION/00_goal.md	THEORY/4_temporal/composition/composition_00_goal.md	00_goal	composition_00_goal	yes
THEORY/working/CV114_TEMPORAL_COMPOSITION/01_definitions.md	THEORY/4_temporal/composition/01_definitions.md	01_definitions	01_definitions	yes
THEORY/working/CV114_TEMPORAL_COMPOSITION/02_op0012_cc_stablek.md	THEORY/4_temporal/composition/02_op0012_cc_stablek.md	02_op0012_cc_stablek	02_op0012_cc_stablek	yes
THEORY/working/CV114_TEMPORAL_COMPOSITION/03_gap_audit.md	THEORY/4_temporal/composition/03_gap_audit.md	03_gap_audit	03_gap_audit	yes
THEORY/working/CV114_TEMPORAL_COMPOSITION/04_experiment_plan.md	THEORY/4_temporal/composition/04_experiment_plan.md	04_experiment_plan	04_experiment_plan	yes
THEORY/working/CV114_TEMPORAL_COMPOSITION/05_promotion_draft.md	THEORY/4_temporal/composition/05_promotion_draft.md	05_promotion_draft	05_promotion_draft	yes
THEORY/working/CV114_TEMPORAL_COMPOSITION/MOC_temporal_composition.md	THEORY/4_temporal/composition/MOC_temporal_composition.md	MOC_temporal_composition	MOC_temporal_composition	yes
THEORY/working/CV115_ACTION_TEMPORAL_COST/00_goal.md	THEORY/4_temporal/action_cost/action_cost_00_goal.md	00_goal	action_cost_00_goal	yes
THEORY/working/CV115_ACTION_TEMPORAL_COST/01_endpoint_failure.md	THEORY/4_temporal/action_cost/01_endpoint_failure.md	01_endpoint_failure	01_endpoint_failure	yes
THEORY/working/CV115_ACTION_TEMPORAL_COST/01_proofs_cat_a.md	THEORY/4_temporal/action_cost/01_proofs_cat_a.md	01_proofs_cat_a	01_proofs_cat_a	yes
THEORY/working/CV115_ACTION_TEMPORAL_COST/02_action_cost_definition.md	THEORY/4_temporal/action_cost/02_action_cost_definition.md	02_action_cost_definition	02_action_cost_definition	yes
THEORY/working/CV115_ACTION_TEMPORAL_COST/02_conditional_open.md	THEORY/4_temporal/action_cost/02_conditional_open.md	02_conditional_open	02_conditional_open	yes
THEORY/working/CV115_ACTION_TEMPORAL_COST/03_dynamic_programming_theorem.md	THEORY/4_temporal/action_cost/03_dynamic_programming_theorem.md	03_dynamic_programming_theorem	03_dynamic_programming_theorem	yes
THEORY/working/CV115_ACTION_TEMPORAL_COST/04_softmin_gibbs_semigroup.md	THEORY/4_temporal/action_cost/04_softmin_gibbs_semigroup.md	04_softmin_gibbs_semigroup	04_softmin_gibbs_semigroup	yes
THEORY/working/CV115_ACTION_TEMPORAL_COST/05_relation_to_sinkhorn.md	THEORY/4_temporal/action_cost/05_relation_to_sinkhorn.md	05_relation_to_sinkhorn	05_relation_to_sinkhorn	yes
THEORY/working/CV115_ACTION_TEMPORAL_COST/06_experiment_plan.md	THEORY/4_temporal/action_cost/06_experiment_plan.md	06_experiment_plan	06_experiment_plan	yes
THEORY/working/CV115_ACTION_TEMPORAL_COST/07_promotion_draft.md	THEORY/4_temporal/action_cost/07_promotion_draft.md	07_promotion_draft	07_promotion_draft	yes
THEORY/working/CV115_ACTION_TEMPORAL_COST/08_gap_audit.md	THEORY/4_temporal/action_cost/08_gap_audit.md	08_gap_audit	08_gap_audit	yes
THEORY/working/CV115_ACTION_TEMPORAL_COST/09_final_audit.md	THEORY/4_temporal/action_cost/09_final_audit.md	09_final_audit	09_final_audit	yes
THEORY/working/CV115_ACTION_TEMPORAL_COST/10_patch_plan.md	THEORY/4_temporal/action_cost/10_patch_plan.md	10_patch_plan	10_patch_plan	yes
THEORY/working/CV115_ACTION_TEMPORAL_COST/MOC_action_temporal_cost.md	THEORY/4_temporal/action_cost/MOC_action_temporal_cost.md	MOC_action_temporal_cost	MOC_action_temporal_cost	yes
THEORY/working/E/F1_dissolution.md	THEORY/2_substrate/foundations/dissolutions/F1_dissolution.md	F1_dissolution	F1_dissolution	yes
THEORY/working/E/M1_dissolution.md	THEORY/2_substrate/foundations/dissolutions/M1_dissolution.md	M1_dissolution	M1_dissolution	yes
THEORY/working/E/MO1_dissolution.md	THEORY/2_substrate/foundations/dissolutions/MO1_dissolution.md	MO1_dissolution	MO1_dissolution	yes
THEORY/working/E/soft_K_definition.md	THEORY/2_substrate/foundations/dissolutions/soft_K_definition.md	soft_K_definition	soft_K_definition	yes
THEORY/working/INDEX.md	THEORY/2_substrate/INDEX.md	INDEX	INDEX	yes
THEORY/working/MF/F_Kstep_K_triple.md	THEORY/2_substrate/Q4_kselection/F_Kstep_K_triple.md	F_Kstep_K_triple	F_Kstep_K_triple	yes
THEORY/working/MF/K_status_commitment.md	THEORY/2_substrate/Q4_kselection/K_status_commitment.md	K_status_commitment	K_status_commitment	yes
THEORY/working/MF/MF_atlas.md	THEORY/2_substrate/multiformation/MF_atlas.md	MF_atlas	MF_atlas	yes
THEORY/working/MF/bernshtein_conservation.md	THEORY/2_substrate/Q3_dynamics/bernshtein_conservation.md	bernshtein_conservation	bernshtein_conservation	yes
THEORY/working/MF/broad_survey_B1.md	THEORY/2_substrate/multiformation/broad_survey_B1.md	broad_survey_B1	broad_survey_B1	yes
THEORY/working/MF/broad_survey_B2.md	THEORY/2_substrate/multiformation/broad_survey_B2.md	broad_survey_B2	broad_survey_B2	yes
THEORY/working/MF/broad_survey_B3.md	THEORY/2_substrate/multiformation/broad_survey_B3.md	broad_survey_B3	broad_survey_B3	yes
THEORY/working/MF/cn15_static_dynamic_separation.md	THEORY/2_substrate/Q2_multiformation/cn15_static_dynamic_separation.md	cn15_static_dynamic_separation	cn15_static_dynamic_separation	yes
THEORY/working/MF/cobelonging_vs_sigmaD.md	THEORY/4_temporal/identity_inheritance/cobelonging_vs_sigmaD.md	cobelonging_vs_sigmaD	cobelonging_vs_sigmaD	yes
THEORY/working/MF/commitment_18_sigma_rich_packet.md	THEORY/2_substrate/multiformation/commitment_18_sigma_rich_packet.md	commitment_18_sigma_rich_packet	commitment_18_sigma_rich_packet	yes
THEORY/working/MF/commitment_19_k_selection_axiom_packet.md	THEORY/2_substrate/Q4_kselection/commitment_19_k_selection_axiom_packet.md	commitment_19_k_selection_axiom_packet	commitment_19_k_selection_axiom_packet	yes
THEORY/working/MF/commitments_18_19_drafts.md	THEORY/2_substrate/multiformation/commitments_18_19_drafts.md	commitments_18_19_drafts	commitments_18_19_drafts	yes
THEORY/working/MF/cross_validation_stereo_scc_framework.md	THEORY/2_substrate/Q2_multiformation/cross_validation_stereo_scc_framework.md	cross_validation_stereo_scc_framework	cross_validation_stereo_scc_framework	yes
THEORY/working/MF/emergent_multi_formation_synthesis.md	THEORY/2_substrate/Q2_multiformation/emergent_multi_formation_synthesis.md	emergent_multi_formation_synthesis	emergent_multi_formation_synthesis	yes
THEORY/working/MF/formation_birth_string_breaking.md	THEORY/2_substrate/Q2_multiformation/formation_birth_string_breaking.md	formation_birth_string_breaking	formation_birth_string_breaking	yes
THEORY/working/MF/foundational_bridges_2026.md	THEORY/2_substrate/Q3_dynamics/foundational_bridges_2026.md	foundational_bridges_2026	foundational_bridges_2026	yes
THEORY/working/MF/from_single.md	THEORY/2_substrate/Q2_multiformation/from_single.md	from_single	from_single	yes
THEORY/working/MF/k_select_obs_posterior.md	THEORY/2_substrate/Q4_kselection/k_select_obs_posterior.md	k_select_obs_posterior	k_select_obs_posterior	yes
THEORY/working/MF/k_select_pf_equilibrium.md	THEORY/2_substrate/Q4_kselection/k_select_pf_equilibrium.md	k_select_pf_equilibrium	k_select_pf_equilibrium	yes
THEORY/working/MF/k_selection_a_free_energy.md	THEORY/2_substrate/Q4_kselection/k_selection_a_free_energy.md	k_selection_a_free_energy	k_selection_a_free_energy	yes
THEORY/working/MF/k_selection_b_kramers.md	THEORY/2_substrate/Q4_kselection/k_selection_b_kramers.md	k_selection_b_kramers	k_selection_b_kramers	yes
THEORY/working/MF/k_selection_c_numerical_anchor.md	THEORY/2_substrate/Q4_kselection/k_selection_c_numerical_anchor.md	k_selection_c_numerical_anchor	k_selection_c_numerical_anchor	yes
THEORY/working/MF/k_selection_compatibility_proof.md	THEORY/2_substrate/Q4_kselection/k_selection_compatibility_proof.md	k_selection_compatibility_proof	k_selection_compatibility_proof	yes
THEORY/working/MF/k_selection_mechanism.md	THEORY/2_substrate/Q4_kselection/k_selection_mechanism.md	k_selection_mechanism	k_selection_mechanism	yes
THEORY/working/MF/kbar_kact_bridge_L1A_merge_level.md	THEORY/2_substrate/Q4_kselection/kbar_kact_bridge_L1A_merge_level.md	kbar_kact_bridge_L1A_merge_level	kbar_kact_bridge_L1A_merge_level	yes
THEORY/working/MF/kbar_kact_bridge_L1B_bridge_bound.md	THEORY/2_substrate/Q4_kselection/kbar_kact_bridge_L1B_bridge_bound.md	kbar_kact_bridge_L1B_bridge_bound	kbar_kact_bridge_L1B_bridge_bound	yes
THEORY/working/MF/kbar_kact_bridge_L1C_slot_to_bar.md	THEORY/2_substrate/Q4_kselection/kbar_kact_bridge_L1C_slot_to_bar.md	kbar_kact_bridge_L1C_slot_to_bar	kbar_kact_bridge_L1C_slot_to_bar	yes
THEORY/working/MF/kbar_kact_bridge_L1D_no_extra_bar.md	THEORY/2_substrate/Q4_kselection/kbar_kact_bridge_L1D_no_extra_bar.md	kbar_kact_bridge_L1D_no_extra_bar	kbar_kact_bridge_L1D_no_extra_bar	yes
THEORY/working/MF/kbar_kact_bridge_L1E_inactive_suppression.md	THEORY/2_substrate/Q4_kselection/kbar_kact_bridge_L1E_inactive_suppression.md	kbar_kact_bridge_L1E_inactive_suppression	kbar_kact_bridge_L1E_inactive_suppression	yes
THEORY/working/MF/kbar_kact_bridge_L1F_synthesis.md	THEORY/2_substrate/Q4_kselection/kbar_kact_bridge_L1F_synthesis.md	kbar_kact_bridge_L1F_synthesis	kbar_kact_bridge_L1F_synthesis	yes
THEORY/working/MF/kbar_kact_bridge_L1G_empirical_diagnostic.md	THEORY/2_substrate/Q4_kselection/kbar_kact_bridge_L1G_empirical_diagnostic.md	kbar_kact_bridge_L1G_empirical_diagnostic	kbar_kact_bridge_L1G_empirical_diagnostic	yes
THEORY/working/MF/kbar_kact_bridge_L1H2_boundary_leakage.md	THEORY/2_substrate/Q4_kselection/kbar_kact_bridge_L1H2_boundary_leakage.md	kbar_kact_bridge_L1H2_boundary_leakage	kbar_kact_bridge_L1H2_boundary_leakage	yes
THEORY/working/MF/kbar_kact_bridge_L1H_local_to_global_transfer.md	THEORY/2_substrate/Q4_kselection/kbar_kact_bridge_L1H_local_to_global_transfer.md	kbar_kact_bridge_L1H_local_to_global_transfer	kbar_kact_bridge_L1H_local_to_global_transfer	yes
THEORY/working/MF/kbar_kact_bridge_L1I_constants_feasibility.md	THEORY/2_substrate/Q4_kselection/kbar_kact_bridge_L1I_constants_feasibility.md	kbar_kact_bridge_L1I_constants_feasibility	kbar_kact_bridge_L1I_constants_feasibility	yes
THEORY/working/MF/kbar_kact_bridge_L1J_catA_upgrade_attempt.md	THEORY/2_substrate/Q4_kselection/kbar_kact_bridge_L1J_catA_upgrade_attempt.md	kbar_kact_bridge_L1J_catA_upgrade_attempt	kbar_kact_bridge_L1J_catA_upgrade_attempt	yes
THEORY/working/MF/kbar_kact_bridge_L1K_external_audit.md	THEORY/2_substrate/Q4_kselection/kbar_kact_bridge_L1K_external_audit.md	kbar_kact_bridge_L1K_external_audit	kbar_kact_bridge_L1K_external_audit	yes
THEORY/working/MF/kbar_kact_bridge_L1L_scc_decay_theorem.md	THEORY/2_substrate/Q4_kselection/kbar_kact_bridge_L1L_scc_decay_theorem.md	kbar_kact_bridge_L1L_scc_decay_theorem	kbar_kact_bridge_L1L_scc_decay_theorem	yes
THEORY/working/MF/kbar_kact_bridge_L1_formalization.md	THEORY/2_substrate/Q4_kselection/kbar_kact_bridge_L1_formalization.md	kbar_kact_bridge_L1_formalization	kbar_kact_bridge_L1_formalization	yes
THEORY/working/MF/ksoft_kact_bridge_L1M_soft_count_corollary.md	THEORY/2_substrate/Q4_kselection/ksoft_kact_bridge_L1M_soft_count_corollary.md	ksoft_kact_bridge_L1M_soft_count_corollary	ksoft_kact_bridge_L1M_soft_count_corollary	yes
THEORY/working/MF/ksoft_kact_bridge_lemma.md	THEORY/2_substrate/Q4_kselection/ksoft_kact_bridge_lemma.md	ksoft_kact_bridge_lemma	ksoft_kact_bridge_lemma	yes
THEORY/working/MF/ksoft_kact_bridge_proof_status.md	THEORY/2_substrate/Q4_kselection/ksoft_kact_bridge_proof_status.md	ksoft_kact_bridge_proof_status	ksoft_kact_bridge_proof_status	yes
THEORY/working/MF/lambda_rep_ontology.md	THEORY/2_substrate/multiformation/lambda_rep_ontology.md	lambda_rep_ontology	lambda_rep_ontology	yes
THEORY/working/MF/latent_index_space_design.md	THEORY/2_substrate/multiformation/latent_index_space_design.md	latent_index_space_design	latent_index_space_design	yes
THEORY/working/MF/layered_ambient_architecture_README.md	THEORY/2_substrate/multiformation/layered_ambient_architecture_README.md	layered_ambient_architecture_README	layered_ambient_architecture_README	yes
THEORY/working/MF/layered_ambient_architecture_agent_notes.md	THEORY/2_substrate/multiformation/layered_ambient_architecture_agent_notes.md	layered_ambient_architecture_agent_notes	layered_ambient_architecture_agent_notes	yes
THEORY/working/MF/layered_ambient_architecture_candidate.md	THEORY/2_substrate/multiformation/layered_ambient_architecture_candidate.md	layered_ambient_architecture_candidate	layered_ambient_architecture_candidate	yes
THEORY/working/MF/layered_ambient_architecture_next_work.md	THEORY/2_substrate/multiformation/layered_ambient_architecture_next_work.md	layered_ambient_architecture_next_work	layered_ambient_architecture_next_work	yes
THEORY/working/MF/mathematical_scaffolding_4tools.md	THEORY/2_substrate/Q3_dynamics/mathematical_scaffolding_4tools.md	mathematical_scaffolding_4tools	mathematical_scaffolding_4tools	yes
THEORY/working/MF/multi_formation_sigma.md	THEORY/2_substrate/Q2_multiformation/multi_formation_sigma.md	multi_formation_sigma	multi_formation_sigma	yes
THEORY/working/MF/n1_kramers_extension.md	THEORY/2_substrate/Q3_dynamics/n1_kramers_extension.md	n1_kramers_extension	n1_kramers_extension	yes
THEORY/working/MF/nq242c_counterexample_protocol.md	THEORY/2_substrate/multiformation/nq242c_counterexample_protocol.md	nq242c_counterexample_protocol	nq242c_counterexample_protocol	yes
THEORY/working/MF/nq242c_explicit_construction.md	THEORY/2_substrate/multiformation/nq242c_explicit_construction.md	nq242c_explicit_construction	nq242c_explicit_construction	yes
THEORY/working/MF/nq242c_results.md	THEORY/2_substrate/multiformation/nq242c_results.md	nq242c_results	nq242c_results	yes
THEORY/working/MF/op003_mo1_status_review.md	THEORY/2_substrate/multiformation/op003_mo1_status_review.md	op003_mo1_status_review	op003_mo1_status_review	yes
THEORY/working/MF/op_0006_boundary_precision.md	THEORY/2_substrate/multiformation/op_0006_boundary_precision.md	op_0006_boundary_precision	op_0006_boundary_precision	yes
THEORY/working/MF/op_0009_pre_a_kfield_chart_validity.md	THEORY/2_substrate/Q4_kselection/op_0009_pre_a_kfield_chart_validity.md	op_0009_pre_a_kfield_chart_validity	op_0009_pre_a_kfield_chart_validity	yes
THEORY/working/MF/pf_a1_lions_sznitman_freidlin_route.md	THEORY/2_substrate/Q3_dynamics/pf_a1_lions_sznitman_freidlin_route.md	pf_a1_lions_sznitman_freidlin_route	pf_a1_lions_sznitman_freidlin_route	yes
THEORY/working/MF/pf_tstar_langevin.md	THEORY/2_substrate/Q3_dynamics/pf_tstar_langevin.md	pf_tstar_langevin	pf_tstar_langevin	yes
THEORY/working/MF/pre_objective_K_field_tension.md	THEORY/2_substrate/Q4_kselection/pre_objective_K_field_tension.md	pre_objective_K_field_tension	pre_objective_K_field_tension	yes
THEORY/working/MF/r24_dataset_design.md	THEORY/2_substrate/multiformation/r24_dataset_design.md	r24_dataset_design	r24_dataset_design	yes
THEORY/working/MF/reservoir_reinterpretation_of_K.md	THEORY/2_substrate/Q4_kselection/reservoir_reinterpretation_of_K.md	reservoir_reinterpretation_of_K	reservoir_reinterpretation_of_K	yes
THEORY/working/MF/scc_mass_gap_connection.md	THEORY/2_substrate/Q3_dynamics/scc_mass_gap_connection.md	scc_mass_gap_connection	scc_mass_gap_connection	yes
THEORY/working/MF/scc_multiformation_origin_to_current_korean_explanation_2026-05-03.md	THEORY/2_substrate/multiformation/scc_multiformation_origin_to_current_korean_explanation_2026-05-03.md	scc_multiformation_origin_to_current_korean_explanation_2026-05-03	scc_multiformation_origin_to_current_korean_explanation_2026-05-03	yes
THEORY/working/MF/scc_relation_onn_ortsf_perception_stack.md	THEORY/2_substrate/multiformation/scc_relation_onn_ortsf_perception_stack.md	scc_relation_onn_ortsf_perception_stack	scc_relation_onn_ortsf_perception_stack	yes
THEORY/working/MF/self_ref_fp_stability.md	THEORY/2_substrate/Q3_dynamics/self_ref_fp_stability.md	self_ref_fp_stability	self_ref_fp_stability	yes
THEORY/working/MF/shared_pool_canonical_proposal.md	THEORY/2_substrate/Q4_kselection/shared_pool_canonical_proposal.md	shared_pool_canonical_proposal	shared_pool_canonical_proposal	yes
THEORY/working/MF/sharp_vs_spectral_2026-05-07.md	THEORY/2_substrate/multiformation/sharp_vs_spectral_2026-05-07.md	sharp_vs_spectral_2026-05-07	sharp_vs_spectral_2026-05-07	yes
THEORY/working/MF/sigma_inherit_k_jump.md	THEORY/4_temporal/identity_inheritance/sigma_inherit_k_jump.md	sigma_inherit_k_jump	sigma_inherit_k_jump	yes
THEORY/working/MF/sigma_multi_trajectory.md	THEORY/4_temporal/identity_inheritance/sigma_multi_trajectory.md	sigma_multi_trajectory	sigma_multi_trajectory	yes
THEORY/working/MF/sigma_rich_VR_phase1.md	THEORY/2_substrate/sigma_framework/sigma_rich_VR_phase1.md	sigma_rich_VR_phase1	sigma_rich_VR_phase1	yes
THEORY/working/MF/sigma_rich_augmentation.md	THEORY/2_substrate/sigma_framework/sigma_rich_augmentation.md	sigma_rich_augmentation	sigma_rich_augmentation	yes
THEORY/working/MF/sigma_rich_centroid_derivation.md	THEORY/2_substrate/sigma_framework/sigma_rich_centroid_derivation.md	sigma_rich_centroid_derivation	sigma_rich_centroid_derivation	yes
THEORY/working/MF/sigma_rich_lipschitz_2026-05-07.md	THEORY/2_substrate/sigma_framework/sigma_rich_lipschitz_2026-05-07.md	sigma_rich_lipschitz_2026-05-07	sigma_rich_lipschitz_2026-05-07	yes
THEORY/working/MF/sigma_rich_orientation_derivation.md	THEORY/2_substrate/sigma_framework/sigma_rich_orientation_derivation.md	sigma_rich_orientation_derivation	sigma_rich_orientation_derivation	yes
THEORY/working/MF/sigma_rich_phi_proof.md	THEORY/2_substrate/sigma_framework/sigma_rich_phi_proof.md	sigma_rich_phi_proof	sigma_rich_phi_proof	yes
THEORY/working/MF/sigma_rich_vs_standard_R23.md	THEORY/2_substrate/sigma_framework/sigma_rich_vs_standard_R23.md	sigma_rich_vs_standard_R23	sigma_rich_vs_standard_R23	yes
THEORY/working/MF/sigma_rich_wigner_derivation.md	THEORY/2_substrate/sigma_framework/sigma_rich_wigner_derivation.md	sigma_rich_wigner_derivation	sigma_rich_wigner_derivation	yes
THEORY/working/MF/single_high_F_equivalence.md	THEORY/2_substrate/Q2_multiformation/single_high_F_equivalence.md	single_high_F_equivalence	single_high_F_equivalence	yes
THEORY/working/MF/stereo_observation_framework.md	THEORY/2_substrate/Q2_multiformation/stereo_observation_framework.md	stereo_observation_framework	stereo_observation_framework	yes
THEORY/working/MF/stereo_scc_canonical_memo_v1.1.md	THEORY/2_substrate/Q2_multiformation/stereo_scc_canonical_memo_v1.1.md	stereo_scc_canonical_memo_v1.1	stereo_scc_canonical_memo_v1.1	yes
THEORY/working/MF/temporal_identity_perscomp_transport.md	THEORY/4_temporal/identity_inheritance/temporal_identity_perscomp_transport.md	temporal_identity_perscomp_transport	temporal_identity_perscomp_transport	yes
THEORY/working/MF/temporal_identity_sharp_form_2026-05-07.md	THEORY/4_temporal/identity_inheritance/temporal_identity_sharp_form_2026-05-07.md	temporal_identity_sharp_form_2026-05-07	temporal_identity_sharp_form_2026-05-07	yes
THEORY/working/MF/tst5a_hard_depth_locking_proof.md	THEORY/2_substrate/Q2_multiformation/tst5a_hard_depth_locking_proof.md	tst5a_hard_depth_locking_proof	tst5a_hard_depth_locking_proof	yes
THEORY/working/MF/wq1c_layerI_h0_bardeath_protocol.md	THEORY/2_substrate/multiformation/wq1c_layerI_h0_bardeath_protocol.md	wq1c_layerI_h0_bardeath_protocol	wq1c_layerI_h0_bardeath_protocol	yes
THEORY/working/MF/wq1c_layerI_h0_bardeath_results.md	THEORY/2_substrate/multiformation/wq1c_layerI_h0_bardeath_results.md	wq1c_layerI_h0_bardeath_results	wq1c_layerI_h0_bardeath_results	yes
THEORY/working/MF/wq1c_r2_projected_layerII_aggregate_sigma_results.md	THEORY/2_substrate/multiformation/wq1c_r2_projected_layerII_aggregate_sigma_results.md	wq1c_r2_projected_layerII_aggregate_sigma_results	wq1c_r2_projected_layerII_aggregate_sigma_results	yes
THEORY/working/MF/wq_lat1_reservoir_resolution_sweep_protocol.md	THEORY/2_substrate/multiformation/wq_lat1_reservoir_resolution_sweep_protocol.md	wq_lat1_reservoir_resolution_sweep_protocol	wq_lat1_reservoir_resolution_sweep_protocol	yes
THEORY/working/MF/wq_lat1_reservoir_resolution_sweep_results.md	THEORY/2_substrate/multiformation/wq_lat1_reservoir_resolution_sweep_results.md	wq_lat1_reservoir_resolution_sweep_results	wq_lat1_reservoir_resolution_sweep_results	yes
THEORY/working/MF/wq_lat1b_phi_envelope_refinement_results.md	THEORY/2_substrate/multiformation/wq_lat1b_phi_envelope_refinement_results.md	wq_lat1b_phi_envelope_refinement_results	wq_lat1b_phi_envelope_refinement_results	yes
THEORY/working/MOC_Q1_boundary_T8.md	THEORY/2_substrate/Q1_boundary/MOC_Q1_boundary_T8.md	MOC_Q1_boundary_T8	MOC_Q1_boundary_T8	yes
THEORY/working/MOC_Q2_multi_formation.md	THEORY/2_substrate/Q2_multiformation/MOC_Q2_multi_formation.md	MOC_Q2_multi_formation	MOC_Q2_multi_formation	yes
THEORY/working/MOC_Q3_stochastic_dynamics.md	THEORY/2_substrate/Q3_dynamics/MOC_Q3_stochastic_dynamics.md	MOC_Q3_stochastic_dynamics	MOC_Q3_stochastic_dynamics	yes
THEORY/working/MOC_Q4_K_selection.md	THEORY/2_substrate/Q4_kselection/MOC_Q4_K_selection.md	MOC_Q4_K_selection	MOC_Q4_K_selection	yes
THEORY/working/MOC_Q5_temporal_identity.md	THEORY/4_temporal/MOC_Q5_temporal_identity.md	MOC_Q5_temporal_identity	MOC_Q5_temporal_identity	yes
THEORY/working/MOC_Q6_sigma_inherit.md	THEORY/4_temporal/MOC_Q6_sigma_inherit.md	MOC_Q6_sigma_inherit	MOC_Q6_sigma_inherit	yes
THEORY/working/MOC_open_problems_blockers.md	THEORY/2_substrate/MOC_open_problems_blockers.md	MOC_open_problems_blockers	MOC_open_problems_blockers	yes
THEORY/working/MOC_sigma_rich_framework.md	THEORY/2_substrate/sigma_framework/MOC_sigma_rich_framework.md	MOC_sigma_rich_framework	MOC_sigma_rich_framework	yes
THEORY/working/README.md	THEORY/2_substrate/substrate_readme.md	README	substrate_readme	yes
THEORY/working/SF/README.md	THEORY/2_substrate/sigma_framework/sigma_framework_README.md	README	sigma_framework_README	yes
THEORY/working/SF/cardinality_open.md	THEORY/2_substrate/sigma_framework/cardinality_open.md	cardinality_open	cardinality_open	yes
THEORY/working/SF/formation_fundamental_group.md	THEORY/2_substrate/sigma_framework/formation_fundamental_group.md	formation_fundamental_group	formation_fundamental_group	yes
THEORY/working/SF/interface_scale.md	THEORY/2_substrate/sigma_framework/interface_scale.md	interface_scale	interface_scale	yes
THEORY/working/SF/mode_count.md	THEORY/2_substrate/sigma_framework/mode_count.md	mode_count	mode_count	yes
THEORY/working/SF/nq187b_L_extrapolation.md	THEORY/2_substrate/sigma_framework/nq187b_L_extrapolation.md	nq187b_L_extrapolation	nq187b_L_extrapolation	yes
THEORY/working/SF/profile_deviation.md	THEORY/2_substrate/sigma_framework/profile_deviation.md	profile_deviation	profile_deviation	yes
THEORY/working/SF/r22_a2_a1_audit.md	THEORY/2_substrate/sigma_framework/r22_a2_a1_audit.md	r22_a2_a1_audit	r22_a2_a1_audit	yes
THEORY/working/SF/schramm_sigma_locality_theorem.md	THEORY/2_substrate/sigma_framework/schramm_sigma_locality_theorem.md	schramm_sigma_locality_theorem	schramm_sigma_locality_theorem	yes
THEORY/working/SF/sigma_class_category.md	THEORY/2_substrate/sigma_framework/sigma_class_category.md	sigma_class_category	sigma_class_category	yes
THEORY/working/SF/sigma_fingerprint_algorithm.md	THEORY/2_substrate/sigma_framework/sigma_fingerprint_algorithm.md	sigma_fingerprint_algorithm	sigma_fingerprint_algorithm	yes
THEORY/working/SF/sigma_fingerprint_qrcode.md	THEORY/2_substrate/sigma_framework/sigma_fingerprint_qrcode.md	sigma_fingerprint_qrcode	sigma_fingerprint_qrcode	yes
THEORY/working/SF/sigma_lie_algebra_structure.md	THEORY/2_substrate/sigma_framework/sigma_lie_algebra_structure.md	sigma_lie_algebra_structure	sigma_lie_algebra_structure	yes
THEORY/working/SF/sigma_m_hessian_convention_audit.md	THEORY/2_substrate/sigma_framework/sigma_m_hessian_convention_audit.md	sigma_m_hessian_convention_audit	sigma_m_hessian_convention_audit	yes
THEORY/working/SF/sigma_rich_refinement_theorem.md	THEORY/2_substrate/sigma_framework/sigma_rich_refinement_theorem.md	sigma_rich_refinement_theorem	sigma_rich_refinement_theorem	yes
THEORY/working/SF/sigma_theorem4_canonical_revision.md	THEORY/2_substrate/sigma_framework/sigma_theorem4_canonical_revision.md	sigma_theorem4_canonical_revision	sigma_theorem4_canonical_revision	yes
THEORY/working/SF/sigma_theorem4_higher_order.md	THEORY/2_substrate/sigma_framework/sigma_theorem4_higher_order.md	sigma_theorem4_higher_order	sigma_theorem4_higher_order	yes
THEORY/working/SF/sigma_to_crisp_recovery.md	THEORY/2_substrate/sigma_framework/sigma_to_crisp_recovery.md	sigma_to_crisp_recovery	sigma_to_crisp_recovery	yes
THEORY/working/SF/sigma_topological_invariance.md	THEORY/2_substrate/sigma_framework/sigma_topological_invariance.md	sigma_topological_invariance	sigma_topological_invariance	yes
THEORY/working/SF/sigma_trajectory_perturbation.md	THEORY/2_substrate/sigma_framework/sigma_trajectory_perturbation.md	sigma_trajectory_perturbation	sigma_trajectory_perturbation	yes
THEORY/working/SF/sigma_uniqueness_theorem.md	THEORY/2_substrate/sigma_framework/sigma_uniqueness_theorem.md	sigma_uniqueness_theorem	sigma_uniqueness_theorem	yes
THEORY/working/SF/step_cohesion.md	THEORY/2_substrate/sigma_framework/step_cohesion.md	step_cohesion	step_cohesion	yes
THEORY/working/SF/symmetry_moduli.md	THEORY/2_substrate/sigma_framework/symmetry_moduli.md	symmetry_moduli	symmetry_moduli	yes
THEORY/working/SF/theorem_2g_schramm_restatement.md	THEORY/2_substrate/sigma_framework/theorem_2g_schramm_restatement.md	theorem_2g_schramm_restatement	theorem_2g_schramm_restatement	yes
THEORY/working/SF/thermal_extension.md	THEORY/2_substrate/sigma_framework/thermal_extension.md	thermal_extension	thermal_extension	yes
THEORY/working/cold_failure_analysis_2026-05-20.md	THEORY/0_axis/cold_failure_analysis_2026-05-20.md	cold_failure_analysis_2026-05-20	cold_failure_analysis_2026-05-20	yes
THEORY/working/cssl/00_concept_handoff.md	THEORY/2_substrate/foundations/cssl/00_concept_handoff.md	00_concept_handoff	00_concept_handoff	yes
THEORY/working/cssl/01_critic_evaluation.md	THEORY/2_substrate/foundations/cssl/01_critic_evaluation.md	01_critic_evaluation	01_critic_evaluation	yes
THEORY/working/field_equation_framework/01_ns_inspired_synthesis.md	THEORY/2_substrate/foundations/field_equation/01_ns_inspired_synthesis.md	01_ns_inspired_synthesis	01_ns_inspired_synthesis	yes
THEORY/working/field_equation_framework/02_kramers_prefactor_op_0005_attack.md	THEORY/2_substrate/foundations/field_equation/02_kramers_prefactor_op_0005_attack.md	02_kramers_prefactor_op_0005_attack	02_kramers_prefactor_op_0005_attack	yes
THEORY/working/field_equation_framework/03_modica_mortola_jacobi_cat_b.md	THEORY/2_substrate/foundations/field_equation/03_modica_mortola_jacobi_cat_b.md	03_modica_mortola_jacobi_cat_b	03_modica_mortola_jacobi_cat_b	yes
THEORY/working/field_equation_framework/04_h_morse_spectral_quantification.md	THEORY/2_substrate/foundations/field_equation/04_h_morse_spectral_quantification.md	04_h_morse_spectral_quantification	04_h_morse_spectral_quantification	yes
THEORY/working/field_equation_framework/05_cat_a_direct_catalog_proofs.md	THEORY/2_substrate/foundations/field_equation/05_cat_a_direct_catalog_proofs.md	05_cat_a_direct_catalog_proofs	05_cat_a_direct_catalog_proofs	yes
THEORY/working/field_equation_framework/06_surface_tension_rescaling_cat_a.md	THEORY/2_substrate/foundations/field_equation/06_surface_tension_rescaling_cat_a.md	06_surface_tension_rescaling_cat_a	06_surface_tension_rescaling_cat_a	yes
THEORY/working/field_equation_framework/07_critic_full_review.md	THEORY/2_substrate/foundations/field_equation/07_critic_full_review.md	07_critic_full_review	07_critic_full_review	yes
THEORY/working/field_equation_framework/08_spectral_graph_cheeger.md	THEORY/2_substrate/foundations/field_equation/08_spectral_graph_cheeger.md	08_spectral_graph_cheeger	08_spectral_graph_cheeger	yes
THEORY/working/field_equation_framework/09_large_deviations_freidlin_wentzell.md	THEORY/2_substrate/foundations/field_equation/09_large_deviations_freidlin_wentzell.md	09_large_deviations_freidlin_wentzell	09_large_deviations_freidlin_wentzell	yes
THEORY/working/field_equation_framework/10_forman_discrete_morse.md	THEORY/2_substrate/foundations/field_equation/10_forman_discrete_morse.md	10_forman_discrete_morse	10_forman_discrete_morse	yes
THEORY/working/field_equation_framework/11_bakry_emery_cd_condition.md	THEORY/2_substrate/foundations/field_equation/11_bakry_emery_cd_condition.md	11_bakry_emery_cd_condition	11_bakry_emery_cd_condition	yes
THEORY/working/field_equation_framework/12_wave1_critical_fixes_consolidated.md	THEORY/2_substrate/foundations/field_equation/12_wave1_critical_fixes_consolidated.md	12_wave1_critical_fixes_consolidated	12_wave1_critical_fixes_consolidated	yes
THEORY/working/foundation/L-UNI-ZMODE_proof.md	THEORY/2_substrate/foundations/manifold/L-UNI-ZMODE_proof.md	L-UNI-ZMODE_proof	L-UNI-ZMODE_proof	yes
THEORY/working/foundation/SCC_U_excluded_and_problems_v0.1.md	THEORY/2_substrate/foundations/manifold/SCC_U_excluded_and_problems_v0.1.md	SCC_U_excluded_and_problems_v0.1	SCC_U_excluded_and_problems_v0.1	yes
THEORY/working/foundation/SCC_unified_derivation_v0.1.md	THEORY/2_substrate/foundations/manifold/SCC_unified_derivation_v0.1.md	SCC_unified_derivation_v0.1	SCC_unified_derivation_v0.1	yes
THEORY/working/foundation/W8_Day2_evening_manifold_topology_report.md	THEORY/2_substrate/foundations/manifold/W8_Day2_evening_manifold_topology_report.md	W8_Day2_evening_manifold_topology_report	W8_Day2_evening_manifold_topology_report	yes
THEORY/working/foundation/foundation_reset_v0.md	THEORY/2_substrate/foundations/manifold/foundation_reset_v0.md	foundation_reset_v0	foundation_reset_v0	yes
THEORY/working/foundation/fractal_dynamic_dim_v0.md	THEORY/2_substrate/foundations/manifold/fractal_dynamic_dim_v0.md	fractal_dynamic_dim_v0	fractal_dynamic_dim_v0	yes
THEORY/working/foundation/manifold_topology_attempt_v0.md	THEORY/2_substrate/foundations/manifold/manifold_topology_attempt_v0.md	manifold_topology_attempt_v0	manifold_topology_attempt_v0	yes
THEORY/working/foundation/manifold_topology_attempt_v1.md	THEORY/2_substrate/foundations/manifold/manifold_topology_attempt_v1.md	manifold_topology_attempt_v1	manifold_topology_attempt_v1	yes
THEORY/working/foundation/proofs/P1_OP-H5-alpha_Hironaka.md	THEORY/2_substrate/foundations/manifold/proofs/P1_OP-H5-alpha_Hironaka.md	P1_OP-H5-alpha_Hironaka	P1_OP-H5-alpha_Hironaka	yes
THEORY/working/foundation/proofs/P2_OP-T_star-alpha_multiplicity.md	THEORY/2_substrate/foundations/manifold/proofs/P2_OP-T_star-alpha_multiplicity.md	P2_OP-T_star-alpha_multiplicity	P2_OP-T_star-alpha_multiplicity	yes
THEORY/working/foundation/proofs/P3_OP-0008_sigma_standard.md	THEORY/2_substrate/foundations/manifold/proofs/P3_OP-0008_sigma_standard.md	P3_OP-0008_sigma_standard	P3_OP-0008_sigma_standard	yes
THEORY/working/foundation/proofs/P4_OP-HMORSE-LOCAL-A.md	THEORY/2_substrate/foundations/manifold/proofs/P4_OP-HMORSE-LOCAL-A.md	P4_OP-HMORSE-LOCAL-A	P4_OP-HMORSE-LOCAL-A	yes
THEORY/working/foundation/proofs/P5_Stage0_sensor_T_9conditions.md	THEORY/2_substrate/foundations/manifold/proofs/P5_Stage0_sensor_T_9conditions.md	P5_Stage0_sensor_T_9conditions	P5_Stage0_sensor_T_9conditions	yes
THEORY/working/foundation/proofs/P6_OMS-1_xi_Tstar_entry.md	THEORY/2_substrate/foundations/manifold/proofs/P6_OMS-1_xi_Tstar_entry.md	P6_OMS-1_xi_Tstar_entry	P6_OMS-1_xi_Tstar_entry	yes
THEORY/working/foundation/proofs/_SUMMARY_v0.2.md	THEORY/2_substrate/foundations/manifold/proofs/_SUMMARY_v0.2.md	_SUMMARY_v0.2	_SUMMARY_v0.2	yes
THEORY/working/macro_audit_2026-05-20.md	THEORY/0_axis/macro_audit_2026-05-20.md	macro_audit_2026-05-20	macro_audit_2026-05-20	yes
THEORY/working/observer_moduli/MOC_observer_moduli_OMS.md	THEORY/2_substrate/foundations/observer_moduli/MOC_observer_moduli_OMS.md	MOC_observer_moduli_OMS	MOC_observer_moduli_OMS	yes
THEORY/working/observer_moduli/audit_log.md	THEORY/2_substrate/foundations/observer_moduli/audit_log.md	audit_log	audit_log	yes
THEORY/working/observer_moduli/basin_stratification.md	THEORY/2_substrate/foundations/observer_moduli/basin_stratification.md	basin_stratification	basin_stratification	yes
THEORY/working/observer_moduli/canonical_promotion_checklist.md	THEORY/2_substrate/foundations/observer_moduli/canonical_promotion_checklist.md	canonical_promotion_checklist	canonical_promotion_checklist	yes
THEORY/working/observer_moduli/checkpoints.md	THEORY/2_substrate/foundations/observer_moduli/checkpoints.md	checkpoints	checkpoints	yes
THEORY/working/observer_moduli/core_weight_symmetry.md	THEORY/2_substrate/foundations/observer_moduli/core_weight_symmetry.md	core_weight_symmetry	core_weight_symmetry	yes
THEORY/working/observer_moduli/daily_log.md	THEORY/2_substrate/foundations/observer_moduli/daily_log.md	daily_log	daily_log	yes
THEORY/working/observer_moduli/definitions.md	THEORY/2_substrate/foundations/observer_moduli/definitions.md	definitions	definitions	yes
THEORY/working/observer_moduli/effective_dof_theory.md	THEORY/2_substrate/foundations/observer_moduli/effective_dof_theory.md	effective_dof_theory	effective_dof_theory	yes
THEORY/working/observer_moduli/gap_c1_final_theorem_package.md	THEORY/2_substrate/foundations/observer_moduli/gap_c1_final_theorem_package.md	gap_c1_final_theorem_package	gap_c1_final_theorem_package	yes
THEORY/working/observer_moduli/integration_with_scc.md	THEORY/2_substrate/foundations/observer_moduli/integration_with_scc.md	integration_with_scc	integration_with_scc	yes
THEORY/working/observer_moduli/latent_symmetry.md	THEORY/2_substrate/foundations/observer_moduli/latent_symmetry.md	latent_symmetry	latent_symmetry	yes
THEORY/working/observer_moduli/observer_landscape_admissible_class.md	THEORY/2_substrate/foundations/observer_moduli/observer_landscape_admissible_class.md	observer_landscape_admissible_class	observer_landscape_admissible_class	yes
THEORY/working/observer_moduli/observer_landscape_candidates.md	THEORY/2_substrate/foundations/observer_moduli/observer_landscape_candidates.md	observer_landscape_candidates	observer_landscape_candidates	yes
THEORY/working/observer_moduli/observer_moduli_space.md	THEORY/2_substrate/foundations/observer_moduli/observer_moduli_space.md	observer_moduli_space	observer_moduli_space	yes
THEORY/working/observer_moduli/oms_1_1_promotion_audit.md	THEORY/2_substrate/foundations/observer_moduli/oms_1_1_promotion_audit.md	oms_1_1_promotion_audit	oms_1_1_promotion_audit	yes
THEORY/working/observer_moduli/oms_1_2_status_audit.md	THEORY/2_substrate/foundations/observer_moduli/oms_1_2_status_audit.md	oms_1_2_status_audit	oms_1_2_status_audit	yes
THEORY/working/observer_moduli/oms_1_candidate.md	THEORY/2_substrate/foundations/observer_moduli/oms_1_candidate.md	oms_1_candidate	oms_1_candidate	yes
THEORY/working/observer_moduli/oms_2_0_accepted_audit.md	THEORY/2_substrate/foundations/observer_moduli/oms_2_0_accepted_audit.md	oms_2_0_accepted_audit	oms_2_0_accepted_audit	yes
THEORY/working/observer_moduli/oms_2_0_full_accepted_audit.md	THEORY/2_substrate/foundations/observer_moduli/oms_2_0_full_accepted_audit.md	oms_2_0_full_accepted_audit	oms_2_0_full_accepted_audit	yes
THEORY/working/observer_moduli/oms_2_0_promotion_audit.md	THEORY/2_substrate/foundations/observer_moduli/oms_2_0_promotion_audit.md	oms_2_0_promotion_audit	oms_2_0_promotion_audit	yes
THEORY/working/observer_moduli/op_oms_001_formal_proof_attempt.md	THEORY/2_substrate/foundations/observer_moduli/op_oms_001_formal_proof_attempt.md	op_oms_001_formal_proof_attempt	op_oms_001_formal_proof_attempt	yes
THEORY/working/observer_moduli/op_oms_001_gap_c1_genericity.md	THEORY/2_substrate/foundations/observer_moduli/op_oms_001_gap_c1_genericity.md	op_oms_001_gap_c1_genericity	op_oms_001_gap_c1_genericity	yes
THEORY/working/observer_moduli/op_oms_001_gap_c1_rank_theorem.md	THEORY/2_substrate/foundations/observer_moduli/op_oms_001_gap_c1_rank_theorem.md	op_oms_001_gap_c1_rank_theorem	op_oms_001_gap_c1_rank_theorem	yes
THEORY/working/observer_moduli/op_oms_001_gap_c1_sensitivity.md	THEORY/2_substrate/foundations/observer_moduli/op_oms_001_gap_c1_sensitivity.md	op_oms_001_gap_c1_sensitivity	op_oms_001_gap_c1_sensitivity	yes
THEORY/working/observer_moduli/op_oms_002_nontrivial_v.md	THEORY/2_substrate/foundations/observer_moduli/op_oms_002_nontrivial_v.md	op_oms_002_nontrivial_v	op_oms_002_nontrivial_v	yes
THEORY/working/observer_moduli/op_oms_018_regular_u_star.md	THEORY/2_substrate/foundations/observer_moduli/op_oms_018_regular_u_star.md	op_oms_018_regular_u_star	op_oms_018_regular_u_star	yes
THEORY/working/observer_moduli/op_oms_026_sigma_branch_full.md	THEORY/2_substrate/foundations/observer_moduli/op_oms_026_sigma_branch_full.md	op_oms_026_sigma_branch_full	op_oms_026_sigma_branch_full	yes
THEORY/working/observer_moduli/op_oms_028_lipschitz_v.md	THEORY/2_substrate/foundations/observer_moduli/op_oms_028_lipschitz_v.md	op_oms_028_lipschitz_v	op_oms_028_lipschitz_v	yes
THEORY/working/observer_moduli/op_oms_032_closed_form_h4.md	THEORY/2_substrate/foundations/observer_moduli/op_oms_032_closed_form_h4.md	op_oms_032_closed_form_h4	op_oms_032_closed_form_h4	yes
THEORY/working/observer_moduli/op_oms_033_sigma_sn_arnold.md	THEORY/2_substrate/foundations/observer_moduli/op_oms_033_sigma_sn_arnold.md	op_oms_033_sigma_sn_arnold	op_oms_033_sigma_sn_arnold	yes
THEORY/working/observer_moduli/op_oms_034_initial_log.md	THEORY/2_substrate/foundations/observer_moduli/op_oms_034_initial_log.md	op_oms_034_initial_log	op_oms_034_initial_log	yes
THEORY/working/observer_moduli/op_oms_034_temporal_delta3_resolution.md	THEORY/2_substrate/foundations/observer_moduli/op_oms_034_temporal_delta3_resolution.md	op_oms_034_temporal_delta3_resolution	op_oms_034_temporal_delta3_resolution	yes
THEORY/working/observer_moduli/op_oms_034_temporal_delta3_status.md	THEORY/2_substrate/foundations/observer_moduli/op_oms_034_temporal_delta3_status.md	op_oms_034_temporal_delta3_status	op_oms_034_temporal_delta3_status	yes
THEORY/working/observer_moduli/open_problems.md	THEORY/2_substrate/foundations/observer_moduli/open_problems.md	open_problems	open_problems	yes
THEORY/working/observer_moduli/plan.md	THEORY/2_substrate/foundations/observer_moduli/observer_moduli_plan.md	plan	observer_moduli_plan	yes
THEORY/working/observer_moduli/pre_brainstorm.md	THEORY/2_substrate/foundations/observer_moduli/observer_moduli_pre_brainstorm.md	pre_brainstorm	observer_moduli_pre_brainstorm	yes
THEORY/working/observer_moduli/proof_promotion_reading_log.md	THEORY/2_substrate/foundations/observer_moduli/proof_promotion_reading_log.md	proof_promotion_reading_log	proof_promotion_reading_log	yes
THEORY/working/observer_moduli/readout_map_audit.md	THEORY/2_substrate/foundations/observer_moduli/readout_map_audit.md	readout_map_audit	readout_map_audit	yes
THEORY/working/observer_moduli/rg_relevance_flow.md	THEORY/2_substrate/foundations/observer_moduli/rg_relevance_flow.md	rg_relevance_flow	rg_relevance_flow	yes
THEORY/working/observer_moduli/stratified_dynamics.md	THEORY/2_substrate/foundations/observer_moduli/stratified_dynamics.md	stratified_dynamics	stratified_dynamics	yes
THEORY/working/observer_moduli/toy_models.md	THEORY/2_substrate/foundations/observer_moduli/toy_models.md	toy_models	toy_models	yes
THEORY/working/observer_moduli/validation_protocols.md	THEORY/2_substrate/foundations/observer_moduli/validation_protocols.md	validation_protocols	validation_protocols	yes
THEORY/working/observer_moduli/vp1_counterexamples.md	THEORY/2_substrate/foundations/observer_moduli/vp1_counterexamples.md	vp1_counterexamples	vp1_counterexamples	yes
THEORY/working/observer_moduli/vp1_p_resolution_audit.md	THEORY/2_substrate/foundations/observer_moduli/vp1_p_resolution_audit.md	vp1_p_resolution_audit	vp1_p_resolution_audit	yes
THEORY/working/observer_moduli/vp1_p_resolution_audit_log.md	THEORY/2_substrate/foundations/observer_moduli/vp1_p_resolution_audit_log.md	vp1_p_resolution_audit_log	vp1_p_resolution_audit_log	yes
THEORY/working/observer_moduli/vp1_results.md	THEORY/2_substrate/foundations/observer_moduli/vp1_results.md	vp1_results	vp1_results	yes
THEORY/working/observer_moduli/vp2_observer_landscape_admissible.md	THEORY/2_substrate/foundations/observer_moduli/vp2_observer_landscape_admissible.md	vp2_observer_landscape_admissible	vp2_observer_landscape_admissible	yes
THEORY/working/observer_moduli/vp3_core_weight_symmetry_results.md	THEORY/2_substrate/foundations/observer_moduli/vp3_core_weight_symmetry_results.md	vp3_core_weight_symmetry_results	vp3_core_weight_symmetry_results	yes
THEORY/working/observer_moduli/vp3_initial_reading_log.md	THEORY/2_substrate/foundations/observer_moduli/vp3_initial_reading_log.md	vp3_initial_reading_log	vp3_initial_reading_log	yes
THEORY/working/observer_moduli/vp4_basin_stratification_results.md	THEORY/2_substrate/foundations/observer_moduli/vp4_basin_stratification_results.md	vp4_basin_stratification_results	vp4_basin_stratification_results	yes
THEORY/working/observer_moduli/vp6_effective_dof.md	THEORY/2_substrate/foundations/observer_moduli/vp6_effective_dof.md	vp6_effective_dof	vp6_effective_dof	yes
THEORY/working/observer_moduli/vp6_effective_dof_log.md	THEORY/2_substrate/foundations/observer_moduli/vp6_effective_dof_log.md	vp6_effective_dof_log	vp6_effective_dof_log	yes
THEORY/working/observer_moduli/vp6_initial_reading_log.md	THEORY/2_substrate/foundations/observer_moduli/vp6_initial_reading_log.md	vp6_initial_reading_log	vp6_initial_reading_log	yes
THEORY/working/observer_moduli/vp7_branch_map_results.md	THEORY/2_substrate/foundations/observer_moduli/vp7_branch_map_results.md	vp7_branch_map_results	vp7_branch_map_results	yes
THEORY/working/prolegomena/00_field_conditions_v0.md	THEORY/3_projections/prolegomena/00_field_conditions_v0.md	00_field_conditions_v0	00_field_conditions_v0	yes
THEORY/working/prolegomena/01_mathematical_conditions_v0.md	THEORY/3_projections/prolegomena/01_mathematical_conditions_v0.md	01_mathematical_conditions_v0	01_mathematical_conditions_v0	yes
THEORY/working/prolegomena/02_framework_skeleton_v0.md	THEORY/3_projections/prolegomena/02_framework_skeleton_v0.md	02_framework_skeleton_v0	02_framework_skeleton_v0	yes
THEORY/working/prolegomena/03_formula_catalog_v0.md	THEORY/3_projections/prolegomena/03_formula_catalog_v0.md	03_formula_catalog_v0	03_formula_catalog_v0	yes
THEORY/working/sensing_pipeline/00_INDEX.md	THEORY/1_sensing/00_INDEX.md	00_INDEX	00_INDEX	yes
THEORY/working/sensing_pipeline/01_framework_master.md	THEORY/1_sensing/01_framework_master.md	01_framework_master	01_framework_master	yes
THEORY/working/sensing_pipeline/02_stage0_photon_point_process.md	THEORY/1_sensing/02_stage0_photon_point_process.md	02_stage0_photon_point_process	02_stage0_photon_point_process	yes
THEORY/working/sensing_pipeline/03_stage1_photoreceptor_sde.md	THEORY/1_sensing/03_stage1_photoreceptor_sde.md	03_stage1_photoreceptor_sde	03_stage1_photoreceptor_sde	yes
THEORY/working/sensing_pipeline/04_stage2_inner_retinal_algebra.md	THEORY/1_sensing/04_stage2_inner_retinal_algebra.md	04_stage2_inner_retinal_algebra	04_stage2_inner_retinal_algebra	yes
THEORY/working/sensing_pipeline/05_stage3_ganglion_spike_encoding.md	THEORY/1_sensing/05_stage3_ganglion_spike_encoding.md	05_stage3_ganglion_spike_encoding	05_stage3_ganglion_spike_encoding	yes
THEORY/working/sensing_pipeline/06_endtoend_information_bound.md	THEORY/1_sensing/06_endtoend_information_bound.md	06_endtoend_information_bound	06_endtoend_information_bound	yes
THEORY/working/sensing_pipeline/07_omega_sigma_lift.md	THEORY/1_sensing/07_omega_sigma_lift.md	07_omega_sigma_lift	07_omega_sigma_lift	yes
THEORY/working/sensing_pipeline/08_open_problems_sp.md	THEORY/1_sensing/08_open_problems_sp.md	08_open_problems_sp	08_open_problems_sp	yes
THEORY/working/sensing_pipeline/09_verification_pass3.md	THEORY/1_sensing/09_verification_pass3.md	09_verification_pass3	09_verification_pass3	yes
THEORY/working/sensing_pipeline/10_reconstruction_pass6.md	THEORY/1_sensing/10_reconstruction_pass6.md	10_reconstruction_pass6	10_reconstruction_pass6	yes
THEORY/working/sensing_pipeline/11_minimal_core.md	THEORY/1_sensing/11_minimal_core.md	11_minimal_core	11_minimal_core	yes
THEORY/working/sensing_pipeline/12_perception_cone_field_equation.md	THEORY/1_sensing/12_perception_cone_field_equation.md	12_perception_cone_field_equation	12_perception_cone_field_equation	yes
THEORY/working/sensing_pipeline/13_p1_p2_verification.md	THEORY/1_sensing/13_p1_p2_verification.md	13_p1_p2_verification	13_p1_p2_verification	yes
THEORY/working/sensing_pipeline/14_field_equation_verification.md	THEORY/1_sensing/14_field_equation_verification.md	14_field_equation_verification	14_field_equation_verification	yes
THEORY/working/sensing_pipeline/15_operational_test_protocols.md	THEORY/1_sensing/15_operational_test_protocols.md	15_operational_test_protocols	15_operational_test_protocols	yes
THEORY/working/sensing_pipeline/16_op_pfe_advancement.md	THEORY/1_sensing/16_op_pfe_advancement.md	16_op_pfe_advancement	16_op_pfe_advancement	yes
THEORY/working/sensing_pipeline/17_pass12_adversarial_extensions.md	THEORY/1_sensing/17_pass12_adversarial_extensions.md	17_pass12_adversarial_extensions	17_pass12_adversarial_extensions	yes
THEORY/working/sensing_pipeline/18_stress_energy_alternatives.md	THEORY/1_sensing/18_stress_energy_alternatives.md	18_stress_energy_alternatives	18_stress_energy_alternatives	yes
THEORY/working/sensing_pipeline/19_delta_interp_synthesis.md	THEORY/1_sensing/19_delta_interp_synthesis.md	19_delta_interp_synthesis	19_delta_interp_synthesis	yes
THEORY/working/sensing_pipeline/20_three_framework_synthesis.md	THEORY/1_sensing/20_three_framework_synthesis.md	20_three_framework_synthesis	20_three_framework_synthesis	yes
THEORY/working/sensing_pipeline/21_pass12_final_report.md	THEORY/1_sensing/21_pass12_final_report.md	21_pass12_final_report	21_pass12_final_report	yes
THEORY/working/temporal/CV113_S-B1_DEEP_CORE_CLOSURE.md	THEORY/4_temporal/temporal_audit/CV113_S-B1_DEEP_CORE_CLOSURE.md	CV113_S-B1_DEEP_CORE_CLOSURE	CV113_S-B1_DEEP_CORE_CLOSURE	yes
THEORY/working/temporal/H-SINK.md	THEORY/4_temporal/temporal_audit/H-SINK.md	H-SINK	H-SINK	yes
THEORY/working/temporal/MOC_temporal_audit_W7.md	THEORY/4_temporal/temporal_audit/MOC_temporal_audit_W7.md	MOC_temporal_audit_W7	MOC_temporal_audit_W7	yes
THEORY/working/temporal/S-A1_PERSCOMP_INTEGRATION.md	THEORY/4_temporal/temporal_audit/S-A1_PERSCOMP_INTEGRATION.md	S-A1_PERSCOMP_INTEGRATION	S-A1_PERSCOMP_INTEGRATION	yes
THEORY/working/temporal/S-A3_EXISTENCE_AUDIT.md	THEORY/4_temporal/temporal_audit/S-A3_EXISTENCE_AUDIT.md	S-A3_EXISTENCE_AUDIT	S-A3_EXISTENCE_AUDIT	yes
THEORY/working/temporal/S-B1_deep_core_density.md	THEORY/4_temporal/temporal_audit/S-B1_deep_core_density.md	S-B1_deep_core_density	S-B1_deep_core_density	yes
THEORY/working/temporal/S-B3_kernel_independence.md	THEORY/4_temporal/temporal_audit/S-B3_kernel_independence.md	S-B3_kernel_independence	S-B3_kernel_independence	yes
THEORY/working/temporal/S-C1_KERNEL_AUDIT.md	THEORY/4_temporal/temporal_audit/S-C1_KERNEL_AUDIT.md	S-C1_KERNEL_AUDIT	S-C1_KERNEL_AUDIT	yes
THEORY/working/temporal/SYMBOLIC_DEEP_CORE_NECESSITY.md	THEORY/4_temporal/temporal_audit/SYMBOLIC_DEEP_CORE_NECESSITY.md	SYMBOLIC_DEEP_CORE_NECESSITY	SYMBOLIC_DEEP_CORE_NECESSITY	yes
THEORY/working/temporal/TRACE_084_ORIGIN.md	THEORY/4_temporal/temporal_audit/TRACE_084_ORIGIN.md	TRACE_084_ORIGIN	TRACE_084_ORIGIN	yes
THEORY/working/temporal/W7_FINAL_TEMPORAL_CLOSURE.md	THEORY/4_temporal/temporal_audit/W7_FINAL_TEMPORAL_CLOSURE.md	W7_FINAL_TEMPORAL_CLOSURE	W7_FINAL_TEMPORAL_CLOSURE	yes
THEORY/working/temporal/partial_ot_stability.md	THEORY/4_temporal/temporal_audit/partial_ot_stability.md	partial_ot_stability	partial_ot_stability	yes
